<?xml version="1.0" encoding="UTF-8" ?>
<schema name="billRevenueMetrics" version="1.5">

   <types>
      <fieldType name="string" class="solr.StrField" sortMissingLast="true" omitNorms="true" />
      <fieldType name="long" class="solr.TrieLongField" omitNorms="true" sortMissingLast="true" />
	  
      <fieldType name="lowercase" class="solr.TextField" positionIncrementGap="100">
         <analyzer>
            <tokenizer class="solr.KeywordTokenizerFactory" />
            <filter class="solr.LowerCaseFilterFactory" />
         </analyzer>
      </fieldType>

      <fieldType name="text_split" class="solr.TextField">
         <analyzer>
            <tokenizer class="solr.WhitespaceTokenizerFactory"/>
               <filter class="solr.WordDelimiterFilterFactory" generateWordParts="1" generateNumberParts="1" splitOnNumerics="1" />
               <filter class="solr.LowerCaseFilterFactory"/>
          </analyzer>
      </fieldType>

   </types>

<fields>
      <field name="_version_" type="long" indexed="true" stored="true" multiValued="false" />
	  <field name="id" type="string" indexed="true" stored="true" required="true" />
      <field name="billingLine1Address" type="lowercase" indexed="true" stored="true" required="false" />
      <field name="billingLine2Address" type="lowercase" indexed="true" stored="true" required="false" />
      <field name="billingCityName" type="lowercase" indexed="true" stored="true" required="false" />
      <field name="billingStateCode" type="lowercase" indexed="true" stored="true" required="false" />
      <field name="billingPostalCode" type="lowercase" indexed="true" stored="true" required="false" />
      <field name="billingCountryName" type="lowercase" indexed="true" stored="true" required="false" />
	  <field name="sourceSystemName" type="lowercase" indexed="true" stored="true" required="false" />
	  <field name="customerNumber" type="lowercase" indexed="true" stored="true" required="false" />
      <field name="customerName" type="lowercase" indexed="true" stored="true" required="false" />
      <field name="employeeUserName" type="lowercase" indexed="true" stored="true" required="false" />
      <field name="glCustomerSegmentCode" type="lowercase" indexed="true" stored="true" required="false" />
      <field name="salesRepId" type="lowercase" indexed="true" stored="true" required="false" />
      <field name="salesRepName" type="lowercase" indexed="true" stored="true" required="false" />
	  <field name="prevYearToDateMrc" type="lowercase" indexed="true" stored="true" required="false" />
      <field name="threeMonthAvgMrc" type="lowercase" indexed="true" stored="true" required="false" />
      <field name="currentMrc" type="lowercase" indexed="true" stored="true" required="false" />
      <field name="yearToDateMrc" type="lowercase" indexed="true" stored="true" required="false" />     
      <field name="yearToDateNrc" type="lowercase" indexed="true" stored="true" required="false" />
	  <field name="text" type="text_split" indexed="true" stored="false" required="false" multiValued="true" />
</fields>

   <copyField source="*" dest="text" />

   <uniqueKey>id</uniqueKey>
   <df>text</df>
</schema>