<?xml version="1.0" encoding="UTF-8" ?>
<schema name="slv_sl_data" version="1.5">

	<types>
		<fieldType name="string" class="solr.StrField"
			sortMissingLast="true" omitNorms="true" />

		<!-- TrieDateField is better at range searches -->
		<fieldType name="date" class="solr.TrieDateField" omitNorms="true"
			precisionStep="6" positionIncrementGap="0" />

		<fieldType name="int" class="solr.TrieIntField" omitNorms="true"
			sortMissingLast="true" />
		<fieldType name="long" class="solr.TrieLongField" omitNorms="true"
			sortMissingLast="true" />
		<fieldType name="double" class="solr.TrieDoubleField"
			omitNorms="true" sortMissingLast="true" />
		<fieldType name="boolean" class="solr.BoolField" omitNorms="true"
			sortMissingLast="true" />

		<fieldType name="uuid" class="solr.UUIDField" indexed="true" />

		<!-- lowercases the entire field value, keeping it as a single token. -->
		<fieldType name="lowercase" class="solr.TextField"
			positionIncrementGap="100">
			<analyzer>
				<tokenizer class="solr.KeywordTokenizerFactory" />
				<filter class="solr.LowerCaseFilterFactory" />
			</analyzer>
		</fieldType>

		<fieldType name="text_split" class="solr.TextField">
			<analyzer>
				<tokenizer class="solr.WhitespaceTokenizerFactory" />
				<filter class="solr.WordDelimiterFilterFactory"
					generateWordParts="1" generateNumberParts="1" splitOnNumerics="1" />
				<filter class="solr.LowerCaseFilterFactory" />
			</analyzer>
		</fieldType>
	</types>

	<fields>
		<field name="id" type="string" indexed="true" stored="true"
			required="true" multiValued="false" />
		<field name="_version_" type="long" indexed="true" stored="true"
			multiValued="false" />
		<field name="dwSourceSystemCode" type="lowercase" indexed="true"
			stored="true" required="false" />
		<field name="customerNumber" type="lowercase" indexed="true"
			stored="true" required="false" />
		<field name="customerName" type="lowercase" indexed="true"
			stored="true" required="false" />
		<field name="endCustomerNumber" type="lowercase" indexed="true"
			stored="true" required="false" />
		<field name="endCustomerName" type="lowercase" indexed="true"
			stored="true" required="false" />
		<field name="thirdPartyCustomerNumber" type="lowercase" indexed="true"
			stored="true" required="false" />
		<field name="thirdPartyCustomerName" type="lowercase" indexed="true"
			stored="true" required="false" />
		<field name="customerOrderNumber" type="lowercase" indexed="true"
			stored="true" required="false" />
		<field name="serviceOrderNumber" type="lowercase" indexed="true"
			stored="true" required="false" />
		<field name="productInstanceId" type="lowercase" indexed="true"
			stored="true" required="false" />
		<field name="cpeDeviceName" type="lowercase" indexed="true"
			stored="true" required="false" />
		<field name="serviceComponentId" type="lowercase" indexed="true"
			stored="true" required="false" />
		<field name="productName" type="lowercase" indexed="true"
			stored="true" required="false" />
		<field name="productCode" type="lowercase" indexed="true"
			stored="true" required="false" />
		<field name="serviceComponentProductName" type="lowercase"
			indexed="true" stored="true" required="false" />
		<field name="serviceComponentProductCode" type="lowercase"
			indexed="true" stored="true" required="false" />
		<field name="billStartDate" type="date" indexed="true" stored="true"
			required="false" />
		<field name="customerRequestDate" type="date" indexed="true"
			stored="true" required="false" />
		<field name="usdTotalMrcAmount" type="double" indexed="true"
			stored="true" required="false" />
		<field name="serviceOrderType" type="lowercase" indexed="true"
			stored="true" required="false" />
		<field name="serviceOrderStatusCode" type="lowercase" indexed="true"
			stored="true" required="false" />
		<field name="serviceOrderActionType" type="lowercase" indexed="true"
			stored="true" required="false" />
		<field name="gatewayName" type="lowercase" indexed="true"
			stored="true" required="false" />
		<field name="customerOrderCreateDate" type="date" indexed="true"
			stored="true" required="false" />
		<field name="serviceLocationAddress" type="lowercase" indexed="true"
			stored="true" required="false" />
		<field name="serviceLocationName" type="lowercase" indexed="true"
			stored="true" required="false" />
		<field name="serviceInstanceId" type="lowercase" indexed="true"
			stored="true" required="false" />
		<field name="activeIndicator" type="lowercase" indexed="true"
			stored="true" required="false" />
		<field name="serviceOrderSequenceNumber" type="lowercase"
			indexed="true" stored="true" required="false" />
		<field name="onnetIndicator" type="lowercase" indexed="true"
			stored="true" required="false" />
		<field name="customerCircuitId" type="lowercase" indexed="true"
			stored="true" required="false" />
		<field name="serviceInstallDate" type="date" indexed="true"
			stored="true" required="false" />
		<field name="tspCode" type="lowercase" indexed="true" stored="true"
			required="false" />
		<field name="sourceCustomerNumber" type="lowercase" indexed="true"
			stored="true" required="false" />
		<field name="diversityTrailName" type="lowercase" indexed="true"
			stored="true" required="false" />
		<field name="diversitySecondTrailName" type="lowercase" indexed="true"
			stored="true" required="false" />
		<field name="bandwidthCode" type="lowercase" indexed="true"
			stored="true" required="false" />
		<field name="subBandwidthCode" type="lowercase" indexed="true"
			stored="true" required="false" />
		<field name="aEndClliCode" type="lowercase" indexed="true"
			stored="true" required="false" />
		<field name="zEndClliCode" type="lowercase" indexed="true"
			stored="true" required="false" />
		<field name="legacyBillAccountNumber" type="lowercase" indexed="true"
			stored="true" required="false" />
		<field name="legacyLastServiceOrderNumber" type="lowercase"
			indexed="true" stored="true" required="false" />
		<field name="legacySourceSystemCode" type="lowercase" indexed="true"
			stored="true" required="false" />
		<field name="legacyCircuitId" type="lowercase" indexed="true"
			stored="true" required="false" />
		<field name="customerPurchaseOrderNumber" type="lowercase"
			indexed="true" stored="true" required="false" />
		<field name="associatedOrderNumber" type="lowercase" indexed="true"
			stored="true" required="false" />
		<field name="latencyGuranteeLevelType" type="lowercase" indexed="true"
			stored="true" required="false" />
		<field name="latencyGuranteeValue" type="long" indexed="true"
			stored="true" required="false" />
		<field name="latencyActualValue" type="long" indexed="true"
			stored="true" required="false" />
		<field name="ipVersionCode" type="lowercase" indexed="true"
			stored="true" required="false" />
		<field name="equipmentConfigDescription" type="text_split"
			indexed="true" stored="true" required="false" />
		<field name="equipmentManufacturerName" type="lowercase"
			indexed="true" stored="true" required="false" />
		<field name="equipmentServiceProviderName" type="lowercase"
			indexed="true" stored="true" required="false" />
		<field name="equipmentMaintAgreementType" type="lowercase"
			indexed="true" stored="true" required="false" />
		<field name="cnrJeopIndicator" type="boolean" indexed="true"
			stored="true" required="false" />
		<field name="cnrJeopRaisedDate" type="date" indexed="true"
			stored="true" required="false" />
		<field name="bundledServiceIndicator" type="boolean" indexed="true"
			stored="true" required="false" />
		<field name="ultimateServiceStatusCode" type="lowercase"
			indexed="true" stored="true" required="false" />
		<field name="billAccountNumber" type="lowercase" indexed="true"
			stored="true" required="false" />
		<field name="parentBillAccountNumber" type="lowercase" indexed="true"
			stored="true" required="false" />
		<field name="activeBillIndicator" type="boolean" indexed="true"
			stored="true" required="false" />
		<field name="enableAutoTicketIndicator" type="boolean" indexed="true"
			stored="true" required="false" />
		<field name="protectType" type="lowercase" indexed="true"
			stored="true" required="false" />
		<field name="serviceLocationId" type="long" indexed="true"
			stored="true" required="false" />
		<field name="specialsId" type="lowercase" indexed="true" stored="true"
			required="false" />
		<field name="sidActiveBillIndicator" type="boolean" indexed="true"
			stored="true" required="false" />
		<field name="scidActiveBillIndicator" type="boolean" indexed="true"
			stored="true" required="false" />
		<field name="piidActiveBillIndicator" type="boolean" indexed="true"
			stored="true" required="false" />
		<field name="pcsidActiveBillIndicator" type="boolean" indexed="true"
			stored="true" required="false" />
		<field name="componentSubTypeName" type="lowercase" indexed="true"
			stored="true" required="false" />
		<field name="billAccountName" type="lowercase" indexed="true"
			stored="true" required="false" />
		<field name="serviceClassLevelType" type="lowercase" indexed="true"
			stored="true" required="false" />
		<field name="circuitId" type="lowercase" indexed="true" stored="true"
			required="false" />
		<field name="serviceId" type="lowercase" indexed="true" stored="true"
			required="false" />
		<field name="aLine1Address" type="text_split" indexed="true"
			stored="true" required="false" />
		<field name="aLine2Address" type="text_split" indexed="true"
			stored="true" required="false" />
		<field name="aCityName" type="lowercase" indexed="true" stored="true"
			required="false" />
		<field name="aStateCode" type="lowercase" indexed="true" stored="true"
			required="false" />
		<field name="aPostalCode" type="lowercase" indexed="true"
			stored="true" required="false" />
		<field name="aCountyName" type="lowercase" indexed="true"
			stored="true" required="false" />
		<field name="aCountryName" type="lowercase" indexed="true"
			stored="true" required="false" />
		<field name="aLatitudeNumber" type="double" indexed="true"
			stored="true" required="false" />
		<field name="aLongitudeNumber" type="double" indexed="true"
			stored="true" required="false" />
		<field name="zLine1Address" type="text_split" indexed="true"
			stored="true" required="false" />
		<field name="zLine2Address" type="text_split" indexed="true"
			stored="true" required="false" />
		<field name="zCityName" type="lowercase" indexed="true" stored="true"
			required="false" />
		<field name="zStateCode" type="lowercase" indexed="true" stored="true"
			required="false" />
		<field name="zPostalCode" type="lowercase" indexed="true"
			stored="true" required="false" />
		<field name="zCountyName" type="lowercase" indexed="true"
			stored="true" required="false" />
		<field name="zCountryName" type="lowercase" indexed="true"
			stored="true" required="false" />
		<field name="zLatitudeNumber" type="double" indexed="true"
			stored="true" required="false" />
		<field name="zLongitudeNumber" type="double" indexed="true"
			stored="true" required="false" />
		<field name="aLocationId" type="lowercase" indexed="true"
			stored="true" required="false" />
		<field name="zLocationId" type="lowercase" indexed="true"
			stored="true" required="false" />
		<field name="aLocationName" type="lowercase" indexed="true"
			stored="true" required="false" />
		<field name="zLocationName" type="lowercase" indexed="true"
			stored="true" required="false" />
		<field name="aTimezoneName" type="lowercase" indexed="true"
			stored="true" required="false" />
		<field name="zTimezoneName" type="lowercase" indexed="true"
			stored="true" required="false" />
		<field name="aDokuvizId" type="lowercase" indexed="true" stored="true"
			required="false" />
		<field name="zDokuvizId" type="lowercase" indexed="true" stored="true"
			required="false" />
		<field name="aLocationNumber" type="long" indexed="true" stored="true"
			required="false" />
		<field name="zLocationNumber" type="long" indexed="true" stored="true"
			required="false" />
		<field name="aRegionCode" type="lowercase" indexed="true"
			stored="true" required="false" />
		<field name="zRegionCode" type="lowercase" indexed="true"
			stored="true" required="false" />
		<field name="vpnId" type="lowercase" indexed="true" stored="true"
			required="false" />
		<field name="ticketingProductName" type="lowercase" indexed="true"
			stored="true" required="false" />
		<field name="ticketingProductFamilyName" type="lowercase"
			indexed="true" stored="true" required="false" />
		<field name="ticketingParentServiceId" type="lowercase" indexed="true"
			stored="true" required="false" />
		<field name="classOfServiceClassType" type="lowercase" indexed="true"
			stored="true" required="false" />
		<field name="classOfServiceAllocationType" type="lowercase"
			indexed="true" stored="true" required="false" />
		<field name="multiServiceAllocationType" type="lowercase"
			indexed="true" stored="true" required="false" />
		<field name="committedDataRateMbps" type="double" indexed="true"
			stored="true" required="false" />
		<field name="peakInformationRateMbps" type="double" indexed="true"
			stored="true" required="false" />
		<field name="parentCircuitServiceId" type="lowercase" indexed="true"
			stored="true" required="false" />
		<field name="orderProductInstanceId" type="lowercase" indexed="true"
			stored="true" required="false" />
		<field name="orderServiceComponentId" type="lowercase" indexed="true"
			stored="true" required="false" />
		<field name="equipmentSerialNumber" type="lowercase" indexed="true"
			stored="true" required="false" />
		<field name="relatedServiceInstanceIdLevel1" type="lowercase"
			indexed="true" stored="true" required="false" multiValued="true" />
		<field name="relatedServiceInstanceIdLevel2" type="lowercase"
			indexed="true" stored="true" required="false" multiValued="true" />
		<field name="relatedServiceInstanceIdLevel3" type="lowercase"
			indexed="true" stored="true" required="false" multiValued="true" />
		<field name="relatedServiceInstanceIdLevel4" type="lowercase"
			indexed="true" stored="true" required="false" multiValued="true" />
		<field name="relatedServiceInstanceIdLevel5" type="lowercase"
			indexed="true" stored="true" required="false" multiValued="true" />
		<field name="solrDocumentUpdateDate" type="date" indexed="true"
			stored="false" required="false" />
		<field name="text" type="text_split" indexed="true" stored="false"
			required="false" multiValued="true" />
		<!-- added column diverseRoleType and billType as per US272260 -->
		<field name="diverseRoleType" type="lowercase" indexed="true"
			stored="true" required="false" />
		<field name="billType" type="lowercase" indexed="true" stored="true"
			required="false" />

	</fields>

	<uniqueKey>id</uniqueKey>
	<df>text</df>

	<copyField source="*" dest="text" />
</schema>
