<?xml version="1.0" encoding="UTF-8"?>
<beans:beans xmlns="http://www.springframework.org/schema/security"
	xmlns:beans="http://www.springframework.org/schema/beans" xmlns:xsi="http://www.w3.org/2001/XMLSchema-instance"
	xmlns:security="http://www.springframework.org/schema/security"
	xsi:schemaLocation="
    	http://www.springframework.org/schema/beans 
    	http://www.springframework.org/schema/beans/spring-beans.xsd
                
        http://www.springframework.org/schema/security 
        http://www.springframework.org/schema/security/spring-security.xsd">

	<security:authentication-manager>
		<security:authentication-provider>
			<security:user-service>
				<security:user name="kmrest" password="kmRe3t"
					authorities="ROLE_REST" />
			</security:user-service>
		</security:authentication-provider>
	</security:authentication-manager>

	<!-- Stateless RESTful services use BASIC authentication -->
	<security:http create-session="stateless"
		use-expressions="true">
		<security:intercept-url
			pattern="/v1/Search/concurrentCallPathUtilization/config" access="hasRole('ROLE_REST')" />
		<security:intercept-url pattern="/v1/Search/contact/config"
			access="hasRole('ROLE_REST')" />
		<security:intercept-url pattern="/v1/Search/country/config"
			access="hasRole('ROLE_REST')" />
		<security:intercept-url pattern="/v1/Search/customerBillAccountNumber/config"
			access="hasRole('ROLE_REST')" />
		<security:intercept-url pattern="/v1/Search/customerContractTerm/config"
			access="hasRole('ROLE_REST')" />
		<security:intercept-url pattern="/v1/Search/exchangeRate/config"
			access="hasRole('ROLE_REST')" />
		<security:intercept-url pattern="/v1/Search/location/config"
			access="hasRole('ROLE_REST')" />
		<security:intercept-url pattern="/v1/Search/loopQualification/config"
			access="hasRole('ROLE_REST')" />
		<security:intercept-url pattern="/v1/Search/bill/config"
			access="hasRole('ROLE_REST')" />
		<security:intercept-url pattern="/v1/Search/billrevenuemetrics/config"
			access="hasRole('ROLE_REST')" />
		<security:intercept-url pattern="/v1/Search/order/config"
			access="hasRole('ROLE_REST')" />
		<security:intercept-url pattern="/v1/Search/serviceLookup/config"
			access="hasRole('ROLE_REST')" />
		<security:intercept-url pattern="/v1/Search/task/config"
			access="hasRole('ROLE_REST')" />
		<security:intercept-url pattern="/v1/Search/tn/config"
			access="hasRole('ROLE_REST')" />
		<security:intercept-url pattern="/v1/Search/trunkGroupCallVolume/config"
			access="hasRole('ROLE_REST')" />
		<security:intercept-url pattern="/v1/Search/trunkGroupUtilization/config"
			access="hasRole('ROLE_REST')" />
		<security:http-basic />
	</security:http>

</beans:beans>
