<?xml version="1.0" encoding="UTF-8" ?>
<schema name="bill" version="1.5">

   <types>
      <fieldType name="string" class="solr.StrField" sortMissingLast="true" omitNorms="true" />

      <!--  TrieDateField is better at range searches -->
      <fieldType name="date" class="solr.TrieDateField" omitNorms="true" precisionStep="6" positionIncrementGap="0"/>

      <fieldType name="int" class="solr.TrieIntField" omitNorms="true" sortMissingLast="true" />
      <fieldType name="long" class="solr.TrieLongField" omitNorms="true" sortMissingLast="true" />
      <fieldType name="double" class="solr.TrieDoubleField" omitNorms="true" sortMissingLast="true" />
      <fieldType name="boolean" class="solr.BoolField" omitNorms="true" sortMissingLast="true" />

      <fieldType name="uuid" class="solr.UUIDField" indexed="true" />

      <!-- lowercases the entire field value, keeping it as a single token. -->
      <fieldType name="lowercase" class="solr.TextField" positionIncrementGap="100">
         <analyzer>
            <tokenizer class="solr.KeywordTokenizerFactory" />
            <filter class="solr.LowerCaseFilterFactory" />
         </analyzer>
      </fieldType>

      <!-- lowercases the entire field value and split on word parts to generate terms for searching. -->
      <fieldType name="text_split" class="solr.TextField">
         <analyzer>
            <tokenizer class="solr.WhitespaceTokenizerFactory"/>
               <filter class="solr.WordDelimiterFilterFactory" generateWordParts="1" generateNumberParts="1" splitOnNumerics="1" />
               <filter class="solr.LowerCaseFilterFactory"/>
          </analyzer>
      </fieldType>

   </types>

   <fields>
      <field name="_version_" type="long" indexed="true" stored="true" multiValued="false" />
      <field name="id" type="string" indexed="true" stored="true" required="true" />
      <field name="financeAccountNbr" type="lowercase" indexed="true" stored="true" required="false" />
      <field name="latestInvoiceNbr" type="lowercase" indexed="true" stored="true" required="false" />
      <field name="latestInvoiceDt" type="date" indexed="true" stored="true" required="false" />
      <field name="currentBalanceAmt" type="lowercase" indexed="true" stored="true" required="false" />
      <field name="latestInvoiceAmt" type="lowercase" indexed="true" stored="true" required="false" />
      <field name="latestInvoiceDueDt" type="date" indexed="true" stored="true" required="false" />
      <field name="latestPaymentNbr" type="lowercase" indexed="true" stored="true" required="false" />
      <field name="latestPaymentDt" type="date" indexed="true" stored="true" required="false" />
      <field name="latestPaymentAmt" type="lowercase" indexed="true" stored="true" required="false" />
      <field name="latestCreditNbr" type="lowercase" indexed="true" stored="true" required="false" />
      <field name="latestCreditDt" type="date" indexed="true" stored="true" required="false" />
      <field name="latestCreditAmt" type="lowercase" indexed="true" stored="true" required="false" />
      <field name="latestDebitNbr" type="lowercase" indexed="true" stored="true" required="false" />
      <field name="latestDebitDt" type="date" indexed="true" stored="true" required="false" />
      <field name="latestDebitAmt" type="lowercase" indexed="true" stored="true" required="false" />
      <field name="minInvoiceDueDt" type="date" indexed="true" stored="true" required="false" />
      <field name="maxInvoiceDueDt" type="date" indexed="true" stored="true" required="false" />
      <field name="parentFinanceAccountNbr" type="lowercase" indexed="true" stored="true" required="false" />
      <field name="parentBillingAccountNbr" type="lowercase" indexed="true" stored="true" required="false" />
      <field name="billingAccountNbr" type="lowercase" indexed="true" stored="true" required="false" />
      <field name="billAccountName" type="lowercase" indexed="true" stored="true" required="false" />
      <field name="billLine1Addr" type="lowercase" indexed="true" stored="true" required="false" />
      <field name="billLine2Addr" type="lowercase" indexed="true" stored="true" required="false" />
      <field name="billCityName" type="lowercase" indexed="true" stored="true" required="false" />
      <field name="billCountyName" type="lowercase" indexed="true" stored="true" required="false" />
      <field name="billStateCd" type="lowercase" indexed="true" stored="true" required="false" />
      <field name="billPostalCd" type="lowercase" indexed="true" stored="true" required="false" />
      <field name="billCountryName" type="lowercase" indexed="true" stored="true" required="false" />
      <field name="billRedirectInd" type="lowercase" indexed="true" stored="true" required="false" />
      <field name="billDispatchCd" type="lowercase" indexed="true" stored="true" required="false" />
      <field name="billDispatchTyp" type="lowercase" indexed="true" stored="true" required="false" />
	  <field name="glCompanyCd" type="lowercase" indexed="true" stored="true" required="false" />
	  <field name="glOperatingCompanyCd" type="lowercase" indexed="true" stored="true" required="false" />
  	  <field name="glOperatingCompanyName" type="lowercase" indexed="true" stored="true" required="false" />
	  <field name="regionCode" type="lowercase" indexed="true" stored="true" required="false" />
	  <field name="invoiceCurrencyCode" type="lowercase" indexed="true" stored="true" required="false" />
	  <field name="invoiceCurrencyDesc" type="lowercase" indexed="true" stored="true" required="false" />
	  <field name="invoiceStatus" type="lowercase" indexed="true" stored="true" required="false" />	  
      <field name="text" type="text_split" indexed="true" stored="false" required="false" multiValued="true" />
   </fields>

   <copyField source="*" dest="text" />

   <uniqueKey>id</uniqueKey>
   <df>text</df>
</schema>
